0,1,2,3,4
Prodej bytu 2+kk 48 m²,3490000,"Soběšovice, okres Frýdek-Místek","Exkluzivně vám nabízíme zcela výjimečnou příležitost koupi mezonetového bytu se zahradou v exkluzivním projektu rezidenčního viladomu Soběšovice 127 přímo na pláži Žermanické přehrady v bezprostřední blízkosti resortu Maják.  Byty o velikosti od 1+kk až po mezonetové 4+kk jsou citlivě zasazeny do prostředí Žermanické přehrady u Frýdku-Místku. Z každého apartmánu je bezkonkurenční panoramatický výhled na vodní plochu, který navíc rámuje pohoří Beskyd a jejich dominanta Lysá Hora.  Nízkoenergetická zděná stavba splňuje nevyšší energetické nároky, okna s trojskly, podlahové vytápění a další vychytávky. Ke každému apartmánu je vyhrazeno parkovací místo na vlastním pozemku.  Skvělé místo k životu :: Oblast Žermanické přehrady a její okolí je vyhledávanou lokalitou pro rekreační a sportovní vyžití všech generací. Obec Soběšovice disponuje veškerou základní občanskou vybaveností a pravidelnou autobusovou linkou do Havířova a Frýdku-Místku. Dojezdové vzdálenosti autem Frýdek-Místek 12 min., Ostrava 22 min., Havířov 10 min., napojení na D1 za 5 min.  Jedná se o zcela ojedinělou nabídku koupi případně investiční příležitost, v oblasti Žermanické přehrady. Více informací u manažera prodeje.",48
Prodej bytu 2+1 54 m²,2696800,"Frýdlantská, Frýdek-Místek - Místek","Exkluzivně Vám nabízíme k prodeji krásný byt 2+1 se zasklenou lodžii v osobním vlastnictví. Dům se nachází ve velmi žádané lokalitě Frýdku-Místku, na ulici Frýdlantská v 4.NP/5.NP v revitalizovaném domě (nová plastová okna, zateplení včetně střechy, chodby, výtah, zvonky, rozvody atd.). Nemovitost je v původním stavu a nabízí možnost přestavby či změna dispozice, elektřina původní. Byt je velmi slunný, okna na V a JZ. Byt je orientovaný na dvě světové strany a je v původním udržovaném stavu. Samozřejmostí je také sklep. Možnost parkování přímo před domem.  Veškerá občanská vybavenost v těsné blízkosti (školka, poliklinika, banka, pošta, obchodní centrum). V okolí též dostatečné množství zeleně.  Náklady na bydlení jsou velmi nízké. Součástí bytu je sklepní kóje, kolárna a sušárna, vše najdete v suterénu domu. Současně s bytem se bude samostatně prodávat i zděná garáž, která je jen 7 min od domu.  Broker Consulting doporučuje a těší se na Vás s vámi na prohlídce. V rámci našich služeb zajistíme rovněž financování nemovitosti. V případě zájmu o více informací, neváhejte kontaktovat makléře a domluvte si prohlídku. Prohlídky možné od 20. března 2024 po domluvě. ",54
Prodej bytu 2+1 53 m²,2590000,"Slezská, Frýdek-Místek - Frýdek","Vážení klienti, představujeme Vám  byt v osobním vlastnictví o dispozici 2+1 ve Frýdku Místku na ul. Slezská.    Lokalita je velmi dobře dostupná jak z centra města, tak při příjezdu z obchvatu. Místo nabízí kompletní občanskou vybavenost včetně školky, školy a obchodního centra Galeria  Paráda a dalších obchodů a stravovacích zařízení. Výhodou je také zastávka autobusu a pěší dostupnost do centra.    Při příjezdu na prohlídku se potkáme před osmiposchoďovým panelovým domem. V přízemí se nachází garáže, sklepy a technické zázemí. Dům má zateplenou fasádní omítku, nové rozvody a výtah.   Bytová jednotka je v 6. poschodí a je orientovaná na jih s krásným výhledem do zeleně. Díky umístění v domě nabízí výborné klima a dostatek světla.    Byt má užitnou plochu 53 m2.  Z předsíně je vpravo vstup do prostorného obývacího pokoje propojeného s kuchyní. Kuchyňská linka je rohová s bohatými úložnými prostory. Je zde dostatek místa pro pro lednici, případně myčku. Stavební úpravou bytového jádra došlo k rozšíření kuchyně a koupelny, která je vybavena rohovou vanou, umyvadlem a WC.  Vznikl také prostor pro praktickou šatnu. Do koupelny a šatny jsou posuvné dveře, které  šetří prostor. Z předsíně vlevo je vstup do ložnice. Místnosti mají vinylové podlahy. V koupelně je keramický obklad a dlažba.    Dominantou bytu je velký, výborně prosvětlený obytný prostor. Je zde dostatek místa pro sedací soupravu, nábytkovou sestavu i  jídelní stůl.  Spojení s kuchyní tak vytváří přirozený komunikační prostor.   K bytu náleží sklep a možnost užívat společné prostory včetně kolárny. Parkování je možné na ulici před domem.  V blízkosti se nachází cyklostezka, řeka a několik dětských hřišť.   Pro více informací a prohlídku bytu kontaktujte realitního makléře Petra Hanáka",53
Prodej bytu 2+kk 43 m²,1890000,"Bavlnářská, Frýdek-Místek - Frýdek","Nabízíme exkluzivně bytovou jednotku v osobním vlastnictví k rekonstrukci dle vlastních představ, na ulici Bavlnářská v původní okrajové a klidné lokalitě Frýdku. Bytová jednotka je umístěna ve 3. NP z celkových 6 NP. Vstup do domu a k výtahu je bezbariérový, rovněž tak výstup z výtahu je bezbariérový na patře s bytem. Dispozičně je byt s chodbou, samostatnou šatnou, koupelnou, WC, obývacím pokojem s kuchyňským koutem a ložnicí. Z obývacího pokoje je vstup na mini balkón s konzolí k sušení prádla a do ložnice, do té je možno vstupovat i přes komoru - šatnu. Dispozici si budoucí majitel navrhne sám, může například vybourat přičku šatny a zvětšit si tak ložnici. Pohledy z oken vedou částečně do původní vilkové zástavby a částečně k původní bytové zástavbě. Zastávka MHD v dosahu 3 minut, do 5 minut je to pěšky k lékárně, zdravotnickému zařízení a kompletní obchodní síti. Na opačné straně domu navazuje ulice na cyklostezku směrem k obci Dobrá a k centru města. Doporučujeme prohlídku. V případě více zájemců si majitel vyhrazuje právo prodat nejvýhodnější nabídce. Do konce března 2024 nabízíme prostřednictvím našeho partnera úrokové sazby od 4,99 % p.a. Více informací Vám sdělí náš specialista na prohlídce.",43
Prodej bytu 2+1 55 m²,2100000,"Beskydská, Třinec - Lyžbice","Naše realitní kancelář nabízí byt 2+1 v osobním vlastnictví na Beskydské ulici. Je situován v 6.NP s výtahem. Je částečně rekonstruovaný s výměrou 55,16 m2. Dům je po celkové revitalizaci. Obývací pokoj je situovaný na jihozápad a z lodžie je možno vidět Javorový vrch a lesopark.  Podrobnější informace Vám sdělíme při prohlídce bytu.",55
Prodej bytu 2+1 51 m²,2000000,"Bystřice, okres Frýdek-Místek","Ať už hledáte nové bydlení, nebo investiční příležitost, mám pro Vás nyní jedinečnou nabídku.  Představuji Vám novinku - byt o velikosti 2+1 s výměrou 51 m2, který se nachází v centru obce Bystřice. Tento byt nabízí velký obývací pokoj, ložnici, kuchyň, koupelnu a oddělené WC. Navíc v chodbě najdete vestavěnou skříň, což řeší otázku úložného prostoru pro vaše věci. Byt se nachází ve zvýšením přízemí panelového bytového domu po kompletní revitalizaci. Bytový dům má jen 4 obytná podlaží a jedná se tedy poklidné bydlení v menší komunitě. Byt je v původním stavu, a nabízí tak jedinečnou možnost rekonstrukce dle vlastních představ.  Za zmínku jistě stojí pohodlné parkování přímo u domu, což je v centru obce obzvláště ceněná výhoda. Pro ty, kdo hledají snadný přístup ke všem základním službám, bude poloha tohoto bytu jistě ideální. V okolí naleznete základní školu, mateřskou školu, obchody, bankomat, lékárnu, zubní ordinaci, obecní úřad, kino, restaurace, trafiku, poštu i veterinární ordinaci. V případě cestování veřejnou dopravou, i zde poloha bytu poskytuje výbornou dostupnost. Autobusová zastávka je vzdálena cca 300 metrů a vlaková stanice asi 450 metrů.  Zkrátka - základní služby dynamicky se rozvíjející obce a všechny v dosahu pár minut pěší chůze od domu.  Nenechte si ujít tuto jedinečnou příležitost a kontaktujte nás pro více informací nebo prohlídku.",51
Prodej bytu 2+kk 54 m²,3950000,"Ostravice, okres Frýdek-Místek","Bytová jednotka 2+kk se nachází v rodinném cihlovém domě po kompletní rekonstrukci v obci Ostravice.Cihlový dům má novou střechu, nové dřevěné okna s vakuovým trojsklem, hliníkové vstupní dveře, kompletní zateplení budovy šedým polystyrénem 14 cm, kompletní zateplení půdních prostor, nové rozvody, vody, topení a elektřiny, byt má samostatnou přípojku elektřiny + měření společných prostor, byt má vlastní plynový kotel na vytápění + ohřev vody, parkoviště před budovou pro jedno vozidlo, u domu je nové oplocení, v celém domě je wifi, nové rozvody TV a satelitu nová koupelna, nová kuchyně, zámkové dlažby v okolí budovy, nové rozvody venkovního osvětlení. Nutno vidět. Jedna bytová jednotka nacházející se v domě má již nového majitele. Byt je volný ihned. Bližší informace poskytne makléř na osobní prohlídce. Dobrá investice k pronájmu.",54
Prodej bytu 2+1 52 m²,2950000,"Karla Hynka Máchy, Frýdek-Místek - Místek","Máme pro Vás novinku v ''cihláku."" Byt 2+1 na ulici K. Hynka Máchy v Místku se nachází ve 2. podlaží cihlového domu a je ve velmi udržovaném stavu.  Skládá se z prostorné chodby s vestavěnou skříní, prostorné ložnice. Kuchyně disponuje zánovní kuchyňskou linkou a prostorným obývacím pokojem. WC samostatně a koupelna disponuje vanou. Vzhledem ke konstrukci domu je zde možno vytvořit velmi zajímavě dispozičně řešený moderní byt.  Byt je orientován na 2 světové strany, tudíž je dostatečně prosvětlen, ale zároveň v letních měsících je před vedrem stíněn vzrostlými stromy.  Nízké náklady jsou už jen bonusem.  Lokalita je plná zeleně, je zde dostatek parkovacích míst a navíc vše co potřebujete, máte v docházkové vzdálenosti.   Pro bližší informace mě neváhejte kontaktovat. Pro komunikaci uvádějte evidenční číslo zakázky N104185.",52
Prodej bytu 2+kk 60 m²,6449000,"Čeladná, okres Frýdek-Místek","Prodej bytové jednotky 2+kk v rezidenčním domě Žárovec v obci ČELADNÁ.  Byt je situován v 1. podlaží rezidenčního domu, jeho užitná plocha je 60m2 a dispozici tvoří: - vstupní chodba s prostorem pro šatní stěnu - kuchyňský kout s kuchyňskou linkou včetně moderních vestavěných spotřebičů (lednice, myčka, trouba) a barovým ostrůvkem, ve kterém je zabudována sklokeramická varná deska  - obývací pokoj, z něhož je vstup na oplocenou terasu; velké prosklené terasové dveře a okna propustí do pokoje dostatek denního světla  - ložnice, která disponuje prostornou šatnou u níž oceníte dostatek úložných prostor - koupelna vybavená vanou, sprchovým koutem, umyvadlem s umyvadlovou skříňkou, zrcadlem a společnou s WC  V pokojích jsou plovoucí podlahy a v chodbě a koupelně je dlažba. Ložnice má zásuvné interiérové dveře s vestavěným pouzdrem ve stěně. Byt je laděn v přírodních dekorech a působí velice vkusně.  Velkým plusem tohoto bytu je oplocená terasa s výměrou 38m2, která bude místem pro váš odpočinek a relaxaci. Před domem je dětské hřiště s oplocením. Díky poloze domu je v pěší dostupnosti centrum obce a také služby a obchody. Obec Čeladná je vyhledávaným místem k bydlení nejen díky svému bohatému vyžití v podobě různých sportovních aktivit - cykloturistika, pěší turistika, golf, lyžování ale také pro svou dostupnost do Frýdku-Místku či Ostravy.  Kontaktujte nás pro nezávaznou prohlídku s makléřem.   ",60
Prodej bytu 2+kk 48 m²,2880000,"Havlíčkova, Frýdek-Místek - Místek","Nabízím k prodeji pěkný byt 2+kk (48,2 m2) v osobním vlastnictví, v menším bytovém domě s celkem devíti byty, včetně podílu na společné udržované zahrádce v klidném vnitrobloku domu, vhodné pro osobní relaxaci.  V bytě je prostorný obývací pokoj s kuchyňským koutem, ložnice a koupelna s WC.    V únoru 2023 byla dokončena kompletní rekonstrukce tohoto bytu: nové omítky, protipožární SDK konstrukce, vodo a elektro instalace, přebroušení a impregnace dřevěných podlah, pokládka SPC vinylových podlah, nová koupelna, vana, wc Geberit, kuchyňská linka bílý lesk IKEA včetně spotřebičů Mora, led světla, úsporné infra topidla Atlantic Solius II, dveře, obložky a další.  K tomuto bytu náleží prostorný sklep 18,2 m2.  V roce 2011 proběhla kompletní rekonstrukce  celého bytového domu.  Nízké náklady: fond oprav 350 Kč. Žádné opravy nejsou plánované. Dům i byt je bez jakýchkoliv dluhů.  Nyní je byt pronajat slušným nájemníkem. Vhodné jako investiční příležitost.   K bytu je nutné dokoupit i vlastní parkovací místo za cenu 70.000,- Kč.  Celková cena byt + parkovací místo je 2.950.000,- Kč",48
Prodej bytu 2+1 57 m²,2100000,"Máchova, Třinec - Lyžbice","Máme pro Vás zrekonstruovaný družstevní byt na ulici Máchova v Třinci. Byt prošel celkovou rekonstrukcí, jediné co mu schází je nová kuchyňská linka. Nejlepší ale je, že tu si můžete vybrat dle svých vlastních představ.  5 BOžích vlastností bytu: - dispozice 2+kk - 57 m² - byt po rekonstrukci - dům po revitalizaci - výBOrná dostupnost  Byt se nachází ve čtvrtém patře čerstvě revitalizovaného bytového domu bez výtahu. Byt je družstevního vlastnictví, ale jedná se o družstvo, které spravuje jen jeden bytový dům o dvou vchodech a o vše je skvěle postaráno. Nachází se ve strategické lokalitě na konci slepé ulice, pouze pár kroků do centra města a zároveň se hned za domem nachází lesík.  Když Vás byt zaujme, tak se mi ozvěte a těším se na společnou prohlídku.",57
Prodej bytu 2+kk 53 m²,4182000,"Lubenská, Frýdlant nad Ostravicí - Frýdlant","Rezidence Hamerka nabízí 10 nových nízkoenergetických moderních bytů s vlastním parkováním a vlastní zahradou v centru významného podhorského městečka Frýdlantu nad Ostravicí, zvaného Brána Beskyd. Vhodné pro vlastní bydlení nebo jako investici, případně rekreační byt.   Předmětem nabídky je byt v osobním vlastnictví s dispozicí 2+KK a výměrou 53,01m2( včetně balkónu 7,61m2) a sklepní box( cca.2m2). Byt se nachází v 1.patře. K bytu je možno přikoupit parkovací místo na vlastním oploceném parkovišti. K jednotce náleží spoluvlastnický podíl na pozemku( zahradě) okolo domu( 1324m2).  Všude blízko: -	Náměstí, centrum města, kostel (50m) -	Nákupní centrum Albert (5min.), Billa, Penny Market,Drogerie TETA(10 min.), -       2x Základní škola, 2x Mateřská škola, gymnázium( 5 min.), -	Kavárny, restaurace všude hojně v okolí, -	Výchozí bod pro běh, pěší - cyklo turistiku do centra Beskyd( Lysá Hora, Ondřejník, Ostravice, Čeladná apod. apod.) -	Dálnice Frýdek-Místek 11km/14 min., Ostrava centrum 33km/26.min. -	Přímé železniční spojení s Frýdkem-Místkem a Ostravou  Rezidence Hamerka je projekt výstavby bytového domu na pozemku ležícím v bezprostřední blízkosti historického náměstí. Budoucí bytový dům tvoří obdélníková budova o třech podlažích, kde na dvou se nachází celkem 10 bytových jednotek a na střeše pak dvě samostatné s terasami. Budova je umístněná ve středu vlastního pozemku o celkové výměře 1779m2. Pozemek je přístupný z ulic Lubenská a Bezručova. K dispozici bude 12 jednotek o velikostech 1+KK, 2+KK a 3+KK. Na pozemku bude vlastní parkovací plocha se stejným množstvím parkovacích míst, posezení v zeleni. Architektura objektu respektuje okolní zástavbu formou použití tradičních materiálů v moderním pojetí zároveň. Objekt bude využívat nejmodernější technologie k dosažení maximálních energetických úspor pro její budoucí uživatelé. Investor kladl důraz na vysoké zateplení objektu a z části použití výroby vlastní energie pro objekt ve snaze maximálně snížit výdaje svým uživatelům. Ke každé jednotce bude k dispozici kóje pro uskladnění věcí mimo byt.   Plán projektu: 1.3.2024 zahájení stavby/ srpen 2024 hrubá stavba/ březen 2025 předání jednotek.  Bližší informace na vyžádání. Financování můžeme zajistit.",53
Prodej bytu 2+kk 35 m²,2390000,"El. Krásnohorské, Frýdek-Místek - Frýdek","Nabízíme Vám ke koupi celkově zrekonstruovaný byt 2+kk ve velmi žádané lokalitě, ve Frýdku, na ulici Elišky Krásnohorské.  Bytová jednotka o celkové ploše 40 m2 s příslušenstvím, se nachází v 2.NP/3 cihlového domu a prošla celkovou rekonstrukci, kde byli použity kvalitní materiály. V celém bytě nová elektřina, rozvody plynu, vody a odpadů, nové omítky, sádrokartonové podhledy, podlahy jsou nově vylité lehčeným betonem na nich položený lepený vinyl.  Skládá se z chodby, obývacího pokoje s kuchyňským koutem, kuch. linkou na míru s vestavěnými spotřebiči (horkovzdušná trouba, indukční varná deska, myčka, lednice s mrazákem), pokoje, zděné koupelny se sprchovým koutem, nové obklady a dlažba. V mezipatře se nachází komora, v suterénu sklepní kóje.  Za domem se nachází oplocená zahrada ve vlastnictví Města, kterou majitelé bytů využívají k posezení a relaxaci, po domluvě lze vybudovat parkovací stání. V blízkosti veškerá dostupnost a občanská vybavenost (škola, školka, obchody, pošta a MHD v blízkosti).  Vzhledem k tomu, že mi průkaz energetické náročnosti budovy zatím nebyl předložen, jsem dle zákona povinna uvádět třídu G.  ",35
Prodej bytu 2+kk 66 m²,4965000,"Ostravice, okres Frýdek-Místek","Rádi Vám představujeme k prodeji byt o dispozici 2+kk o výměře 66 m2, který kombinuje moderní design s pohodlím a prostorností. Tento byt vyniká rozlehlým obývacím prostorem spojeným s kuchyňským koutem, ložnicí, koupelnou a chodbou s dostatkem místa pro úložné prostory. Přilehlá prostorná terasa o výměře 13 m2 je ideálním místem pro odpočinek a společná setkání a zároveň zajišťuje i dostatek přirozeného denního světla v interiéru.  V rámci tohoto jedinečného projektu vzniknou celkem 3 moderní bytové domy. Rezidence Beskydy nabídne 72 stylových bytů o dispozicích 1+kk až 4+kk s výhledem na vrcholky okolních hor. Tento komplex je umístěn přímo u břehu řeky Ostravice a je situován v exkluzivní rekreační lokalitě v blízkosti přehrady Šance, v těsné blízkosti přírody plné lesů s výhledem na Lysou horu.  Každý byt bude mít balkon, terasu nebo zahrádku, sklepní kóji a parkovací stání. Svým konceptem rezidence uspokojí jak zájemce o rodinné či rekreační bydlení.   Doporučujeme pro více informací kontaktovat makléře.",66
Prodej bytu 2+1 55 m²,1800000,"Lidická, Třinec - Lyžbice","Uvažujete o koupi útulného bytu s výhledem na Beskydy? Nabízíme na prodej dr. byt 2+1 v oblíbené části Lyžbice, situovaný v 5. nadzemním podlaží panelového domu s moderní dispozicí a balkonem. Byt prošel kompletní rekonstrukcí v roce 2023, přičemž lze vyzdvihnout jeho moderně pojatou otevřenou kuchyň s obývacím pokojem, která slouží jako hlavní prostor pro každodenní život. Koupelnové jádro je zděné, praktické využití prostoru včetně sprchového koutu, místa pro pračku, umyvadlo a bojler. Vytápění je centrální. Z balkonu se nabízí působivý výhled na zalesněné vrcholy Beskyd. Díky orientaci na dvě světové strany je byt po celý den prosvětlen přirozeným světlem. Užitná plocha 55 m² poskytuje dostatek prostoru pro pohodlné bydlení. Výhodná poloha v centru Lyžbic zaručuje blízkost veškeré občanské vybavenosti. Nechte se okouzlit tímto bytem, který kombinuje prostorné bydlení s panoramatickými výhledy a moderní bytový standard. Přijďte se přesvědčit osobně. S financováním vám rádi pomůžeme.",55
Prodej bytu 2+1 49 m²,Info o ceně u RK,"Jablunkov, okres Frýdek-Místek","Na prodej nabízíme byt o velikosti 2+1 v osobním vlastnictví v klidné části Jablunkova. Tato nemovitost je ideální pro ty, kteří hledají pohodlné a útulné bydlení v klidné části. Byt disponuje dvěma pokoji a kuchyní, což poskytuje dostatek prostoru pro pohodlný život. Celková dispozice bytu je velmi praktická a prostorná, ideální pro jednotlivce, páry nebo malou rodinu. Byt je vybaven kuchyňskou linkou. Vytápění zajišťuje dálkové topení, to zaručuje efektivní a spolehlivé zabezpečení tepelné pohody během chladnějších měsíců. Ohřev vody je horkovodem. V okolí naleznete obchody, restaurace a školy, což usnadňuje každodenní život. Příjemné procházky a také výlety do okolní přírody jsou přímo na dosah. Pokud hledáte byt, který spojuje komfortní bydlení a klidnou lokalitu zároveň, tato nabídka je pro vás tou správnou volbou. Těším se na vás.",49
Prodej bytu 2+kk 48 m²,3490000,"Soběšovice, okres Frýdek-Místek","Exkluzivně vám nabízíme zcela výjimečnou příležitost koupi mezonetového bytu se zahradou v exkluzivním projektu rezidenčního viladomu Soběšovice 127 přímo na pláži Žermanické přehrady v bezprostřední blízkosti resortu Maják.  Byty o velikosti od 1+kk až po mezonetové 4+kk jsou citlivě zasazeny do prostředí Žermanické přehrady u Frýdku-Místku. Z každého apartmánu je bezkonkurenční panoramatický výhled na vodní plochu, který navíc rámuje pohoří Beskyd a jejich dominanta Lysá Hora.  Nízkoenergetická zděná stavba splňuje nevyšší energetické nároky, okna s trojskly, podlahové vytápění a další vychytávky. Ke každému apartmánu je vyhrazeno parkovací místo na vlastním pozemku.  Skvělé místo k životu :: Oblast Žermanické přehrady a její okolí je vyhledávanou lokalitou pro rekreační a sportovní vyžití všech generací. Obec Soběšovice disponuje veškerou základní občanskou vybaveností a pravidelnou autobusovou linkou do Havířova a Frýdku-Místku. Dojezdové vzdálenosti autem Frýdek-Místek 12 min., Ostrava 22 min., Havířov 10 min., napojení na D1 za 5 min.  Jedná se o zcela ojedinělou nabídku koupi případně investiční příležitost, v oblasti Žermanické přehrady. Více informací u manažera prodeje.",48
Prodej bytu 2+1 54 m²,2880000,"Růžový pahorek, Frýdek-Místek - Frýdek"," Naše společnost vám nabízí prodej bytu 3+1 (bezbariérový) původně 2+1 o výměře 54 m2 v osobním vlastnictví na ulici Růžový pahorek ve Frýdku-Místku. Byt se nachází ve 1 P/ 6 P. Byt je v domě po celkové revitalizaci : plastová okna, zateplení, střecha, vchod, výtah, schránky atd. Byt prošel celkovou rekonstrukcí v roce 2008 : kuchyňská linka s vestavnými spotřebiči (myčka na nádobí, lednice, mikrovlnná trouba, multifunkční trouba, indukční varná deska), podlahy (plovoucí), zděné jádro, elektřina v mědi, voda a odpady v plastu, sádrové omítky, vchodové bezpečnostní dveře. Předností bytu jsou velmi nízké náklady na bydlení ve výši 3.100,- Kč mimo elektřinu a další předností je, že jsou všechny okna na východ. Byt má bezbariérový přístup. Za domem je dětské hřiště, základní a mateřská škola. Veškerá občanská vybavenost je v dosahu cca 2 minut - obchodní síť, nemocnice, sportovní vyžití atd. U domu je bezproblémové parkování. Vzhledem k tomu, že nemáme k dispozici štítek energetické náročnosti budovy, uvádíme dle zákona třídu G. Pro více informací volejte makléři.",54
Prodej bytu 2+1 64 m²,1790000,"Beskydská, Třinec - Lyžbice","Nabízíme prodej družstevního bytu 2+1 na ulici v atraktivní lokalitě v centru Třince. Ideální příležitost nejen k investici!  Byt se nachází v 2.NP/12.NP a má celkovou výměru 64 m2. Byt je v původním stavu určený k rekonstrukci. Dům po revitalizaci (zateplený, plastová okna).  Bytové jádro původní umakartové, koupelna s vanou, WC zvlášť. Obývací pokoj je prostorný a světlý. Ložnice je menší, avšak útulná. Bezesporu výhodou jsou dva velké balkóny, umístěné v obývacím pokoji, tak i v kuchyni.  Z oken hezký výhled do okolí a do zeleně. V blízkosti je veškerá dostupnost všech služeb, přímo vedle domu se nachází škola. Parkování je veřejné. Součástí bytu je i sklepní kóje.  Měsíční náklady jsou v celkové výši 4.893 Kč – z toho zálohy na energie činí 1.172 Kč, splátka úvěru družstvu je ve výši 1.994 Kč a záloha na nájemném (zahrnující pojištění nemovitosti, daň z nemovitosti, fond oprav, správu a režii družstva)  činí 1.727 Kč.  Plyn a elektřinu si hradí každý budoucí člen družstva samostatně.  Byt je velmi zajímavý ke zhodnocení formou pronájmu. Jsme pro Vás schopni najít vhodného podnájemce, vyřídit kompletní smluvní servis a případně zajistit i kompletní obchodní správu bytu. Rádi vám předložíme finanční rozvahu, pomůžeme s rekonstrukcí, včetně veškeré potřebné dokumentace.  Vřele doporučuji prohlídku bytu. Kontaktujte mě pro více informací a nenechte si ujít tuto jedinečnou příležitost.",64
Prodej bytu 2+1 52 m²,2550000,"Janáčkova, Frýdek-Místek - Místek","Chcete mít nebe na dosah ruky? A všechno ostatní jako na dlani? HELIX REALITY Vám zprostředkuje převod družstevního podílu a práva na užívání bytu 2+1 v 11. patře v bezprostředním centru Místku, který se nabízí včetně veškerého vybavení. Do bytu je bezbariérový přístup. Díky tomu je tento příjemný byt vhodný k okamžitému bezstarostnému užívání nebo také jako investiční nemovitost, která Vám bude hned generovat pravidelný měsíční příjem. Obvyklé měsíční nájemné bez služeb a energií u takto vybaveného činí 9000-10000 Kč. Popis: předsíň se vstupem do ložnice a do obývacího pokoje - obojí s orientací na SZ, dále do kuchyně s francouzským oknem, pak také do koupelny a na samostatné WC. Všechna okna nabízejí impozantní výhled do širokého okolí. Byt má splacenou anuitu, je tudíž možný okamžitý převod do osobního vlastnictví, byt je bez dluhů. V nedávné době byt prošel celkovou důkladnou rekonstrukcí, při které se účelně využilo každé místo. Mimo jiné jsou v bytě nové omítky, rozvody elektřiny v mědi, rozvody vody, plovoucí podlahy v pokojích a keramická dlažba v ostatních prostorách, plastová okna se žaluziemi. V kuchyni najdete kuchyňskou linku včetně spotřebičů, na kterou navazuje zděná spíž. K bytu náleží sklepní kóje, k dispozici je v rámci společných prostor kolárna. K Vaší bezpečnosti přispívá kamerový systém v domě. Dům má dva výtahy. Správu provádí SBD F-M. Přednosti tohoto bytu: byt po celkové povedené rekonstrukci; možná volba převodu do osobního vlastnictví nebo ponechání v družstevním vlastnictví; prodej včetně vybavení = nastěhování bez další investice nebo připraveno k okamžitému pronájmu; nízké měsíční náklady na bydlení - ty činí jen 3323 Kč; 3 minuty od náměstí Svobody; bydlení mezi nebem a zemí. Přijďte se do tohoto útulného bytu zamilovat. Rád Vás jím provedu.",52
Prodej bytu 2+1 63 m²,3790000,"Fibichova, Frýdek-Místek - Místek","Ve výhradním zastoupení majitele si Vám dovolujeme nabídnout exkluzivní novinku mezi byty 2+1 ve Frýdku-Místku. Tato nemovitost nabízí velmi čisté a minimalistické zařízení podle posledních designových trendů, jimž vládne elegantní a nadčasová bílá. Když k tomu všemu ještě připočteme velkorysou podlahovou plochu s dechberoucím výhledem na Lysou horu, stává se tak naprosto ojedinělou na trhu. Byt se nachází v žádané části Frýdku v pěší dosažitelnosti veškerých služeb, MHD a volnočasových aktivit. Pro počáteční seznámení s touto velice atraktivní nemovitostí a zároveň získání bližších informací, doporučuji navštívit naše webové stránky, kde s jistotou dohledáte veškeré náležitosti včetně kompletní fotogalerie, videa, půdorysů a především virtuální prohlídky, která Vám umožní vstoupit do bytu a zároveň nasát jeho jedinečnou atmosféru. Díky svým opravdu nízkým provozním nákladům, se jedná o skvělou příležitost pro investory. Financování zajistíme zdarma individuálně každému na míru!",63
Prodej bytu 2+kk 48 m²,3490000,"Soběšovice, okres Frýdek-Místek","Exkluzivně vám nabízíme zcela výjimečnou příležitost koupi mezonetového bytu se zahradou v exkluzivním projektu rezidenčního viladomu Soběšovice 127 přímo na pláži Žermanické přehrady v bezprostřední blízkosti resortu Maják.  Byty o velikosti od 1+kk až po mezonetové 4+kk jsou citlivě zasazeny do prostředí Žermanické přehrady u Frýdku-Místku. Z každého apartmánu je bezkonkurenční panoramatický výhled na vodní plochu, který navíc rámuje pohoří Beskyd a jejich dominanta Lysá Hora.  Nízkoenergetická zděná stavba splňuje nevyšší energetické nároky, okna s trojskly, podlahové vytápění a další vychytávky. Ke každému apartmánu je vyhrazeno parkovací místo na vlastním pozemku.  Skvělé místo k životu :: Oblast Žermanické přehrady a její okolí je vyhledávanou lokalitou pro rekreační a sportovní vyžití všech generací. Obec Soběšovice disponuje veškerou základní občanskou vybaveností a pravidelnou autobusovou linkou do Havířova a Frýdku-Místku. Dojezdové vzdálenosti autem Frýdek-Místek 12 min., Ostrava 22 min., Havířov 10 min., napojení na D1 za 5 min.  Jedná se o zcela ojedinělou nabídku koupi případně investiční příležitost, v oblasti Žermanické přehrady. Více informací u manažera prodeje.",48
Prodej bytu 2+1 55 m²,2950000,"Beethovenova, Frýdek-Místek - Místek","V zastoupení majitele si Vám exkluzivně dovoluji nabídnout k prodeji hezký, slunný byt na ulici Beethovenova v žádané lokalitě sídliště Riviéra ve Frýdu - Místku.       Byt o rozloze 55 m2 měl původní dispozici 3+1, nyní 2+1, čímž vznikl velký obývací prostor, prosluněný ze dvou stran.         Bytová jednotka má zděné jádro s rohovou vanou, v předsíni vestavěné skříně a dostatek úložných prostor, na podlahách plovoucí podlaha a dlažba.       Byt se nachází v revitalizovaném domě, v místě s bohatou zelení, s výbornou dopravní dostupností, v blízkosti veškerých služeb a občanské vybavenosti.  Nedaleko se nachází Janáčkův park a stezka kolem řeky Ostravice.      Pro další informace, domluvení termínu prohlídky a to od 19.3. mne neváhejte kdykoliv kontaktovat i o víkendu a svátcích.      Financování zajistíme našim profesionálním hypotečním makléřem.",55
Prodej bytu 2+kk 46 m²,4900000,"Čeladná, okres Frýdek-Místek","Ve výhradním zastoupení majitelů vám nabízíme k prodeji tento krásný byt 2+kk nacházející se v samotném centru obce Čeladná. Bytový komplex Vila Park sestává ze tří bytových domů a jeho výhodou je zejména jeho poloha - veškerá občanská vybavenost je doslova na dosah ruky (obchody, pošta, kavárny, restaurace). Vše potřebné tak budete mít přímo před domem.  Předmětná bytová jednotka se rozprostírá na celkové podlahové ploše 46 m2 a její součástí je také balkon (dostupný z obývacího pokoje) o rozloze 2 m2 a zasklená lodžie (dostupná z ložnice) o rozloze 6 m2. Ačkoliv se jedná o typově menší byt 2+kk nikterak mu to neubírá na jeho funkčnosti a praktičnosti ba naopak.  Součástí velké kuchyňské linky jsou veškeré potřebné spotřebiče, jako lednice, elektrická trouba, elektrická varná deska, digestoř i myčka (45 cm). Součástí ložnice je na míru vyhotovená vestavěná skříň s velkým množstvím úložného prostoru. Koupelna s WC poté disponuje vanou, umyvadlem se zrcadlem a nechybí ani přípojka na pračku.  Orientace bytu je na jižní stranu, což zajišťuje stálý přísun denního světla skrze velké množství oken. Byt tak působí velmi světlým dojmem a ani v případě nepřízně počasí mu neubírá na jeho útulnosti.  Jednou z výhod v případě koupě právě tohoto bytu je také to, že k bytu náleží venkovní vyhrazené parkovací stání a velký sklep o rozloze cca 4,8 m2, který vznikl probouráním dvou sklepních kójí.  V případě zájmu mne, prosím, kontaktujte a domluvíme se na prohlídce.  V případě koupi na investici vám velice ráda pomohu také se zajištěním pronájmu či případné správy této nemovitosti, a to s ohledem na naše několika leté zkušenosti, jak s prodeji tak s pronajímáním bytů právě v obci Čeladná. Většinu developerských projektů a zdejší trh známe velmi detailně a jsme tak schopni pro vás zajistit komplexní služby.",46
Prodej bytu 2+kk 61 m²,3200000,"Hasičská, Frýdek-Místek - Frýdek","Nabízíme světlý a prostorný byt k prodeji o dispozici 2+kk a celkové ploše 61 m2 v jedné z nejžádanějších lokalit města. Byt se nachází v 1.NP, je v původním stavu, což nabízí ideální příležitost pro budoucího majitele upravit interiér dle vlastních představ.  Dispozice jsou rozděleny na hlavní obytnou část s kuchyňským koutem (23 m2), samostatnou ložnici (12 m2), vstupní chodbu (14 m2) s vestavěnou skříní a vstupem na toaletu a koupelnu. Okna jsou orientována do parku a poskytují nádherné výhledy na Beskydy. Součástí je prostorný balkon přes celou šíři bytu.  K bytu samozřejmě náleží sklep, dále společná sušárna a prostorná kolovna. Náklady na bydlení jsou 3.600 + elektřina.",61
Prodej bytu 2+1 54 m²,2900000,"Frýdlantská, Frýdek-Místek - Místek","Nabízíme k prodeji byt 2+1 s lodžií o užitné ploše 54 m2 v atraktivní lokalitě na ulici Frýdlantská ve Frýdku-Místku. Tento modernizovaný byt v osobním vlastnictví se nachází ve druhém podlaží šestipodlažního panelového domu, který prošel celkovou revitalizací.  Díky dokončené kompletní rekonstrukci disponuje byt již zděným jádrem a novými rozvody elektřiny a vody. Moderní kuchyňská linka je vybavena vestavěnými spotřebiči včetně myčky nádobí. Koupelna je vybavena vanou doplněnou praktickou sprchovou zástěnou. Dřevěné jasanové podlahy dodávají bytu příjemný a elegantní vzhled, zatímco v koupelně a toaletě dominuje kvalitní dlažba.  Výhodou tohoto bytu jsou nízké náklady na bydlení, kde například fond oprav činí pouze 1100 Kč. V plánu je zasklívání lodžií, renovace fasády a výměna radiátorů a hlavních vchodových dveří.  Tato lokalita nabízí skvělou dostupnost veškeré občanské vybavenosti, což z ní dělá ideální místo pro bydlení. Buďte jedním z prvních, kdo využije této jedinečné příležitosti a získejte tento atraktivní byt ve Frýdku-Místku. ",54
Prodej bytu 2+1 60 m²,Info o ceně u RK,"Nad Lipinou, Frýdek-Místek - Frýdek","Exklusivně nabízíme k prodeji prostornou bytovou jednotku v klidné lokalitě obce, v části obce Frýdek. Byt je umístěn ve zvýšeném přízemí cihlového domu, má zděné bytové jádro, rozvody elektřiny a topení v mědi, v kuchyni rohová kuchyňská linka s plynovým sporákem a myčkou, koupelna s vanou, umyvadlem, keramickými obklady, otopným tělesem a místem pro pračku, samostatné WC s oknem. V obývacím pokoji krbová kamna, v místnostech plovoucí podlahy, v kuchyni dlažba, nové deskové radiátory, plastová okna. V předsíni místo pro šatní skříň. Topení a ohřev vody zajišťuje vlastní plynový kotel.   Nemovitost je vhodná jako investiční, předností jsou nízké náklady na bydlení, veškerá občanská vybavenost je v blízkosti (potraviny, zastávka MHD, dětské hřiště).  K bytu náleží dva sklepy, jeden velký, zděný a jedna kóje, podíl na půdních, společných prostorech a pozemku pod domem.  Makléř doporučuje prohlídku.",60
Prodej bytu 2+1 54 m²,2070000,"Beskydská, Třinec - Lyžbice","Hledáte pohodové bydlení s dobrou občanskou vybaveností v Třinci? Využijte možnost získat družstevní byt s dispozicí 2+1 o výměře 54 m2. Jednotka se nachází v 3. NP z celkových 6. NP revitalizovaného domu s výtahem na ulici Beskydská v Třinci - Lyžbice.  Samotný byt je v původním dobře udržovaném stavu. Interiér je vybaven plovoucími podlahami, což dodává bytu moderní a elegantní vzhled. Benefitem bytu je prostorná lodžie pro relaxaci a odpočinek, prostorný obývací pokoj, v ložnici velká šatní skříň s dostatkem úložného prostoru, kuchyňská linka disponující plynovým sporákem, digestoří a elektrickou troubou. Toaleta je oddělena od zděné koupelny s vanou a umyvadlem. Součástí bytové jednotky je sklep. Před domem se nachází dostatek parkovacích míst.  Tato lokalita v blízkosti lesa je ideální pro ty, kteří hledají kombinaci klidu a pohodlí městského života. Nabízí příjemné bydlení s dostupností všech potřebných služeb.  Měsíční náklady na bydlení činí 3.945,- Kč, včetně fondu oprav 1 939,-Kč.  Z důvodu nedodání PENB před počátkem inzerce, je nemovitost dočasně zařazena do energetické třídy G. V případě většího počtu zájemců si majitel vyhrazuje právo na navýšení kupní ceny.  Nenechte si ujít tuto příležitost a kontaktujte Petra z Kaktusu  pro více informací nebo domluvení prohlídky. Těším se na setkání s vámi a možnost vás přivítat jako nového majitele tohoto bytu!",54
Prodej bytu 2+1 60 m²,Info o ceně u RK,"Janáčkova, Frýdek-Místek - Místek","Nabízíme k prodeji moderní byt 2+1, o výměře 60 m² v centru města, plně vybavený. Byt prošel kompletní rekonstrukci před rokem a půl. Původní jádro je nově vyzděné, nové jsou rozvody (voda, odpady, elektřina), omítky i podlahy (vinyl, dlažba). Kuchyňská linka, která byla vyhotovena na míru, je ve vysokém lesku s vestavěnými spotřebiči (myčka, trouba, indukční varná deska, digestoř). Byt je laděn do moderních barevných odstínů s designovým osvětlením a se zabudovanými LED světly. Moderní koupelna obsahuje velkoformátové keramické obklady, dlažbu, sprchovací kout se skleněnou zástěnou a umyvadlo. Toaleta je samostatná. V bytě budou ponechány veškeré skříně, spotřebiče, sedačka, postel, stůl a židle. Byt se nachází v 11p. / 15p. s výtahem. Předností bytu jsou rozšířená výhledová okna na panoramata Beskyd s výhledem na Lysou horu. Všechny okna obsahují stahovací elektrické rolety.",60
Prodej bytu 2+kk 54 m²,Info o ceně u RK,"Jiřího Hakena, Frýdek-Místek - Frýdek","PRODÁNO   !!!!!!Prodám byt 2+kk v krásném místě ve Frýdku na ulici J.Hakena .Tento byt se nachází v cihlovém domě, obklopený zahrádky a zelení. Tato klidná lokalita nabízí prostor pro procházky a odpočinek od městského ruchu a shonu. Byt je připraven k nastěhování bez větších úprav a je v osobním vlastnictví.",54
Prodej bytu 2+kk 42 m²,3450000,"Frýdek-Místek - Místek, okres Frýdek-Místek","Představujeme Vám tento krásný, prostorný byt 2+kk v přízemí nízkopodlažního cihlového domu o výměře 41,92 m2. Byt disponuje šatnou a navíc praktickým úložným prostorem. Interiér je zajímavě řešen, s důrazem na dispoziční řešení a kvalitní materiály.  Velká okna dodávají bytu mnoho světla a vytvářejí příjemnou atmosféru. V bytě naleznete plně vybavenou kuchyň s myčkou. Koupelna je vybavena vanou, WC a je zde i prostor pro pračku a sušičku.  Topení bytu je zajištěno vlastním elektrokotlem, což zaručuje efektivní a pohodlné vytápění prostor. Dům je navíc zateplený, což přispívá k energetické účinnosti a snižuje náklady na vytápění.  Byt se nachází v prestižní lokalitě, v samotném srdci města. Součástí nabídky je soukromé parkovací místo ve dvoře, který je uzavřen pojezdovou bránou. Navíc je k dispozici část zahrady ke společnému využití, ideální pro relaxaci či posezení s přáteli.  Na tuto nemovitost Vám rádi pomůžeme zajistit financování s nejvýhodnější sazbou na trhu. Pro více informací nás neváhejte kontaktovat telefonicky. ",42
Prodej bytu 2+1 60 m²,2800000,"Frýdek-Místek - Skalice, okres Frýdek-Místek","Nabízíme Vám byt 2+1 v původním stavu v hezké lokalitě ve Skalici u Frýdku - Místku s krásným výhledem na Beskydy. Byt je ideální ke změně dispozice na 3+1. Velkou výhodou jsou nízké náklady na vytápění z důvodu zateplení domu a orientaci oken na jih. Vytápění bytu je přímotopy. Byt je v původním, ale udržovaném stavu. K bytu náleží velký sklep. Parkování je přímo před domem. Radí Vám pomůžeme s rekonstrukcemi dle vlastních představ. Doporučujeme prohlídku. Ideální pro rodiny s dětmi. Dobrá občanská vybavenost obce. Financování zajistíme vlastním hypotečním centrem.",60
Prodej bytu 2+1 49 m²,2080000,"Bukovecká, Jablunkov","Nabízíme Vám k prodeji prostorný byt 2+1 v osobním vlastnictví, který se nachází ve druhém poschodí v podhorském městečku Jablunkov, kde najdete veškerou občanskou vybavenost. Středová bytová jednotka je situovaná na jižní stranu , takže je energeticky nenáročná. Dispozičně je řešen jako 2+1, z prostorné chodby ve tvaru písmena L se dostaneme do dvou samostatných pokojů, kuchyně, koupelny a WC. Byt prošel částečnou rekonstrukcí. V kuchyni najdeme novou kuchyňskou linku s vestavěnými spotřebiči, v koupelně byly naistalovány lamino-panely.  Jako úložné prostory k bytu můžete využít sklepní kóji, společné prostory a kočárkárnu.  V jeho blízkosti najdete dostatek parkovacích míst. Byt je v hodný jak pro páry, rodinu, tak i jako investiční příležitost !  Pro více informací volejte makléře.",49
