id;photo_URLs;imgur_url
0a9a3e56-d215-4c3d-9b5a-01ffaa97a889;https://d18-a.sdn.cz/d_18/c_img_QQ_Ls/jZKlLR.jpeg?fl=res,749,562,3|wrm,/watermark/sreality.png,10|shr,,20|jpg,90;https://i.imgur.com/gd03S5o.png
0a9a3e56-d215-4c3d-9b5a-01ffaa97a889;https://d18-a.sdn.cz/d_18/c_img_QP_LN/1lWY8B.jpeg?fl=res,749,562,3|wrm,/watermark/sreality.png,10|shr,,20|jpg,90;https://i.imgur.com/MnLIkIO.png
0a9a3e56-d215-4c3d-9b5a-01ffaa97a889;https://d18-a.sdn.cz/d_18/c_img_gY_z/5cDUIp.jpeg?fl=res,749,562,3|wrm,/watermark/sreality.png,10|shr,,20|jpg,90;https://i.imgur.com/w5IjSiy.png
0a9a3e56-d215-4c3d-9b5a-01ffaa97a889;https://d18-a.sdn.cz/d_18/c_img_gW_z/cpOULS.jpeg?fl=res,749,562,3|wrm,/watermark/sreality.png,10|shr,,20|jpg,90;https://i.imgur.com/a70kERs.png
0a9a3e56-d215-4c3d-9b5a-01ffaa97a889;https://d18-a.sdn.cz/d_18/c_img_QN_KG/aBnlRi.jpeg?fl=res,749,562,3|wrm,/watermark/sreality.png,10|shr,,20|jpg,90;https://i.imgur.com/7JCb4zw.png
71903190-97ab-4d6c-a05a-2b1f02acc3c0;https://d18-a.sdn.cz/d_18/c_img_QO_K8/oUyIsV.jpeg?fl=res,749,562,3|wrm,/watermark/sreality.png,10|shr,,20|jpg,90;https://i.imgur.com/ojVdrfH.png
71903190-97ab-4d6c-a05a-2b1f02acc3c0;https://d18-a.sdn.cz/d_18/c_img_QJ_Ju/dhfIoB.jpeg?fl=res,749,562,3|wrm,/watermark/sreality.png,10|shr,,20|jpg,90;https://i.imgur.com/j4SzkNT.png
71903190-97ab-4d6c-a05a-2b1f02acc3c0;https://d18-a.sdn.cz/d_18/c_img_QJ_Ju/ThQIoC.jpeg?fl=res,749,562,3|wrm,/watermark/sreality.png,10|shr,,20|jpg,90;https://i.imgur.com/YbLd2zX.png
1e3040cb-4626-49a4-bd7f-56c5cc59e191;https://d18-a.sdn.cz/d_18/c_img_QP_LH/3d2CAgb.jpeg?fl=res,749,562,3|wrm,/watermark/sreality.png,10|shr,,20|jpg,90;https://i.imgur.com/UNlQ8uo.png
1e3040cb-4626-49a4-bd7f-56c5cc59e191;https://d18-a.sdn.cz/d_18/c_img_QL_J9/LQUCA1f.jpeg?fl=res,749,562,3|wrm,/watermark/sreality.png,10|shr,,20|jpg,90;https://i.imgur.com/SHQC6ZH.png
1e3040cb-4626-49a4-bd7f-56c5cc59e191;https://d18-a.sdn.cz/d_18/c_img_QK_Js/X03CBBM.jpeg?fl=res,749,562,3|wrm,/watermark/sreality.png,10|shr,,20|jpg,90;https://i.imgur.com/Orgqf73.png
f8df8bba-5cfc-4f4a-86ff-654d03b5d648;https://d18-a.sdn.cz/d_18/c_img_gR_z/266GR.jpeg?fl=res,749,562,3|wrm,/watermark/sreality.png,10|shr,,20|jpg,90;https://i.imgur.com/JsMfocy.png
f8df8bba-5cfc-4f4a-86ff-654d03b5d648;https://d18-a.sdn.cz/d_18/c_img_gU_y/ZivGI.jpeg?fl=res,749,562,3|wrm,/watermark/sreality.png,10|shr,,20|jpg,90;https://i.imgur.com/fhLS0Ch.png
f8df8bba-5cfc-4f4a-86ff-654d03b5d648;https://d18-a.sdn.cz/d_18/c_img_gX_z/x0kF0.jpeg?fl=res,749,562,3|wrm,/watermark/sreality.png,10|shr,,20|jpg,90;https://i.imgur.com/dAoqa7Y.png
ca206dc4-a2be-4c8f-a4ac-6afb4f759571;https://d18-a.sdn.cz/d_18/c_img_QM_Kp/6fTdvH.jpeg?fl=res,749,562,3|wrm,/watermark/sreality.png,10|shr,,20|jpg,90;https://i.imgur.com/zpwJ2pw.png
ca206dc4-a2be-4c8f-a4ac-6afb4f759571;https://d18-a.sdn.cz/d_18/c_img_QR_ML/NF4dyN.jpeg?fl=res,749,562,3|wrm,/watermark/sreality.png,10|shr,,20|jpg,90;https://i.imgur.com/RNn6wly.png
ca206dc4-a2be-4c8f-a4ac-6afb4f759571;https://d18-a.sdn.cz/d_18/c_img_QJ_Ju/2tqdt2.jpeg?fl=res,749,562,3|wrm,/watermark/sreality.png,10|shr,,20|jpg,90;https://i.imgur.com/TGb2HPD.png
ca206dc4-a2be-4c8f-a4ac-6afb4f759571;https://d18-a.sdn.cz/d_18/c_img_QI_Jo/dwodxU.jpeg?fl=res,749,562,3|wrm,/watermark/sreality.png,10|shr,,20|jpg,90;https://i.imgur.com/y7AxxSI.png
ca206dc4-a2be-4c8f-a4ac-6afb4f759571;https://d18-a.sdn.cz/d_18/c_img_QO_K8/WaYdxK.jpeg?fl=res,749,562,3|wrm,/watermark/sreality.png,10|shr,,20|jpg,90;https://i.imgur.com/6ZB3IOs.png
ca206dc4-a2be-4c8f-a4ac-6afb4f759571;https://d18-a.sdn.cz/d_18/c_img_QN_KE/ntDdup.jpeg?fl=res,749,562,3|wrm,/watermark/sreality.png,10|shr,,20|jpg,90;https://i.imgur.com/wcZ9UlP.png
ca206dc4-a2be-4c8f-a4ac-6afb4f759571;https://d18-a.sdn.cz/d_18/c_img_QR_ML/gX5dyO.jpeg?fl=res,749,562,3|wrm,/watermark/sreality.png,10|shr,,20|jpg,90;https://i.imgur.com/GmlmQQk.png
c4a8139d-7fda-446f-a73c-ef430635f394;https://d18-a.sdn.cz/d_18/c_img_QN_Jy/4opCDhW.jpeg?fl=res,749,562,3|wrm,/watermark/sreality.png,10|shr,,20|jpg,90;https://i.imgur.com/DztQY5G.png
c4a8139d-7fda-446f-a73c-ef430635f394;https://d18-a.sdn.cz/d_18/c_img_QL_Jy/fVbBIog.jpeg?fl=res,749,562,3|wrm,/watermark/sreality.png,10|shr,,20|jpg,90;https://i.imgur.com/HD83CPU.png
c4a8139d-7fda-446f-a73c-ef430635f394;https://d18-a.sdn.cz/d_18/c_img_QI_Jb/sgfBIjU.jpeg?fl=res,749,562,3|wrm,/watermark/sreality.png,10|shr,,20|jpg,90;https://i.imgur.com/knHvveA.png
