id,photo_URLs
512c1d7d-ab35-4248-9317-fa4a8ed810e0,"['https://d18-a.sdn.cz/d_18/c_img_QQ_Ls/jZKlLR.jpeg?fl=res,749,562,3|wrm,/watermark/sreality.png,10|shr,,20|jpg,90'"
512c1d7d-ab35-4248-9317-fa4a8ed810e0,"'https://d18-a.sdn.cz/d_18/c_img_QP_LN/1lWY8B.jpeg?fl=res,749,562,3|wrm,/watermark/sreality.png,10|shr,,20|jpg,90'"
512c1d7d-ab35-4248-9317-fa4a8ed810e0,"'https://d18-a.sdn.cz/d_18/c_img_gY_z/5cDUIp.jpeg?fl=res,749,562,3|wrm,/watermark/sreality.png,10|shr,,20|jpg,90'"
512c1d7d-ab35-4248-9317-fa4a8ed810e0,"'https://d18-a.sdn.cz/d_18/c_img_gW_z/cpOULS.jpeg?fl=res,749,562,3|wrm,/watermark/sreality.png,10|shr,,20|jpg,90'"
512c1d7d-ab35-4248-9317-fa4a8ed810e0,"'https://d18-a.sdn.cz/d_18/c_img_QN_KG/aBnlRi.jpeg?fl=res,749,562,3|wrm,/watermark/sreality.png,10|shr,,20|jpg,90']"
076882c0-8954-49f2-b006-f9d5c432c363,"['https://d18-a.sdn.cz/d_18/c_img_QO_K8/oUyIsV.jpeg?fl=res,749,562,3|wrm,/watermark/sreality.png,10|shr,,20|jpg,90'"
076882c0-8954-49f2-b006-f9d5c432c363,"'https://d18-a.sdn.cz/d_18/c_img_QJ_Ju/dhfIoB.jpeg?fl=res,749,562,3|wrm,/watermark/sreality.png,10|shr,,20|jpg,90'"
076882c0-8954-49f2-b006-f9d5c432c363,"'https://d18-a.sdn.cz/d_18/c_img_QJ_Ju/ThQIoC.jpeg?fl=res,749,562,3|wrm,/watermark/sreality.png,10|shr,,20|jpg,90']"
1cfd5182-2878-4918-8a6f-9c881a564416,"['https://d18-a.sdn.cz/d_18/c_img_QP_LH/3d2CAgb.jpeg?fl=res,749,562,3|wrm,/watermark/sreality.png,10|shr,,20|jpg,90'"
1cfd5182-2878-4918-8a6f-9c881a564416,"'https://d18-a.sdn.cz/d_18/c_img_QL_J9/LQUCA1f.jpeg?fl=res,749,562,3|wrm,/watermark/sreality.png,10|shr,,20|jpg,90'"
1cfd5182-2878-4918-8a6f-9c881a564416,"'https://d18-a.sdn.cz/d_18/c_img_QK_Js/X03CBBM.jpeg?fl=res,749,562,3|wrm,/watermark/sreality.png,10|shr,,20|jpg,90']"
1eac81dd-6a05-493d-9425-8534cda0a0aa,"['https://d18-a.sdn.cz/d_18/c_img_gR_z/266GR.jpeg?fl=res,749,562,3|wrm,/watermark/sreality.png,10|shr,,20|jpg,90'"
1eac81dd-6a05-493d-9425-8534cda0a0aa,"'https://d18-a.sdn.cz/d_18/c_img_gU_y/ZivGI.jpeg?fl=res,749,562,3|wrm,/watermark/sreality.png,10|shr,,20|jpg,90'"
1eac81dd-6a05-493d-9425-8534cda0a0aa,"'https://d18-a.sdn.cz/d_18/c_img_gX_z/x0kF0.jpeg?fl=res,749,562,3|wrm,/watermark/sreality.png,10|shr,,20|jpg,90']"
f33ccb55-35da-4c09-84b4-29fcb0b8a926,"['https://d18-a.sdn.cz/d_18/c_img_QM_Kp/6fTdvH.jpeg?fl=res,749,562,3|wrm,/watermark/sreality.png,10|shr,,20|jpg,90'"
f33ccb55-35da-4c09-84b4-29fcb0b8a926,"'https://d18-a.sdn.cz/d_18/c_img_QR_ML/NF4dyN.jpeg?fl=res,749,562,3|wrm,/watermark/sreality.png,10|shr,,20|jpg,90'"
f33ccb55-35da-4c09-84b4-29fcb0b8a926,"'https://d18-a.sdn.cz/d_18/c_img_QJ_Ju/2tqdt2.jpeg?fl=res,749,562,3|wrm,/watermark/sreality.png,10|shr,,20|jpg,90'"
f33ccb55-35da-4c09-84b4-29fcb0b8a926,"'https://d18-a.sdn.cz/d_18/c_img_QI_Jo/dwodxU.jpeg?fl=res,749,562,3|wrm,/watermark/sreality.png,10|shr,,20|jpg,90'"
f33ccb55-35da-4c09-84b4-29fcb0b8a926,"'https://d18-a.sdn.cz/d_18/c_img_QO_K8/WaYdxK.jpeg?fl=res,749,562,3|wrm,/watermark/sreality.png,10|shr,,20|jpg,90'"
f33ccb55-35da-4c09-84b4-29fcb0b8a926,"'https://d18-a.sdn.cz/d_18/c_img_QN_KE/ntDdup.jpeg?fl=res,749,562,3|wrm,/watermark/sreality.png,10|shr,,20|jpg,90'"
f33ccb55-35da-4c09-84b4-29fcb0b8a926,"'https://d18-a.sdn.cz/d_18/c_img_QR_ML/gX5dyO.jpeg?fl=res,749,562,3|wrm,/watermark/sreality.png,10|shr,,20|jpg,90']"
d2ce91ef-ddbd-40a2-8a67-4c57b9815b03,"['https://d18-a.sdn.cz/d_18/c_img_QN_Jy/4opCDhW.jpeg?fl=res,749,562,3|wrm,/watermark/sreality.png,10|shr,,20|jpg,90'"
d2ce91ef-ddbd-40a2-8a67-4c57b9815b03,"'https://d18-a.sdn.cz/d_18/c_img_QL_Jy/fVbBIog.jpeg?fl=res,749,562,3|wrm,/watermark/sreality.png,10|shr,,20|jpg,90'"
d2ce91ef-ddbd-40a2-8a67-4c57b9815b03,"'https://d18-a.sdn.cz/d_18/c_img_QI_Jb/sgfBIjU.jpeg?fl=res,749,562,3|wrm,/watermark/sreality.png,10|shr,,20|jpg,90']"
